-- phpMyAdmin SQL Dump
-- version 5.0.2
-- https://www.phpmyadmin.net/
--
-- Host: localhost:3306
-- Generation Time: Jul 09, 2020 at 09:02 PM
-- Server version: 5.7.24
-- PHP Version: 7.3.19

SET SQL_MODE = "NO_AUTO_VALUE_ON_ZERO";
START TRANSACTION;
SET time_zone = "+00:00";


/*!40101 SET @OLD_CHARACTER_SET_CLIENT=@@CHARACTER_SET_CLIENT */;
/*!40101 SET @OLD_CHARACTER_SET_RESULTS=@@CHARACTER_SET_RESULTS */;
/*!40101 SET @OLD_COLLATION_CONNECTION=@@COLLATION_CONNECTION */;
/*!40101 SET NAMES utf8mb4 */;

--
-- Database: `aj_kasir`
--

-- --------------------------------------------------------

--
-- Table structure for table `expenses`
--

CREATE TABLE `expenses` (
  `id` bigint(20) UNSIGNED NOT NULL,
  `product_id` bigint(20) UNSIGNED NOT NULL,
  `price` double NOT NULL,
  `qty` int(10) UNSIGNED NOT NULL,
  `total_price` double NOT NULL,
  `created_at` timestamp NULL DEFAULT NULL,
  `updated_at` timestamp NULL DEFAULT NULL
) ENGINE=InnoDB DEFAULT CHARSET=utf8mb4 COLLATE=utf8mb4_unicode_ci;

--
-- Dumping data for table `expenses`
--

INSERT INTO `expenses` (`id`, `product_id`, `price`, `qty`, `total_price`, `created_at`, `updated_at`) VALUES
(1, 1, 1488000, 1000, 1488000000, '2020-07-09 21:02:49', '2020-07-09 21:02:49'),
(2, 2, 1971000, 1000, 1971000000, '2020-07-09 21:02:49', '2020-07-09 21:02:49'),
(3, 3, 2470000, 1000, 2470000000, '2020-07-09 21:02:49', '2020-07-09 21:02:49'),
(4, 4, 2289000, 1000, 2289000000, '2020-07-09 21:02:49', '2020-07-09 21:02:49'),
(5, 5, 2773000, 1000, 2773000000, '2020-07-09 21:02:49', '2020-07-09 21:02:49'),
(6, 6, 1281000, 1000, 1281000000, '2020-07-09 21:02:49', '2020-07-09 21:02:49'),
(7, 7, 2972000, 1000, 2972000000, '2020-07-09 21:02:49', '2020-07-09 21:02:49'),
(8, 8, 2679000, 1000, 2679000000, '2020-07-09 21:02:49', '2020-07-09 21:02:49'),
(9, 9, 2886000, 1000, 2886000000, '2020-07-09 21:02:49', '2020-07-09 21:02:49'),
(10, 10, 2584000, 1000, 2584000000, '2020-07-09 21:02:49', '2020-07-09 21:02:49');

-- --------------------------------------------------------

--
-- Table structure for table `failed_jobs`
--

CREATE TABLE `failed_jobs` (
  `id` bigint(20) UNSIGNED NOT NULL,
  `connection` text COLLATE utf8mb4_unicode_ci NOT NULL,
  `queue` text COLLATE utf8mb4_unicode_ci NOT NULL,
  `payload` longtext COLLATE utf8mb4_unicode_ci NOT NULL,
  `exception` longtext COLLATE utf8mb4_unicode_ci NOT NULL,
  `failed_at` timestamp NOT NULL DEFAULT CURRENT_TIMESTAMP
) ENGINE=InnoDB DEFAULT CHARSET=utf8mb4 COLLATE=utf8mb4_unicode_ci;

-- --------------------------------------------------------

--
-- Table structure for table `migrations`
--

CREATE TABLE `migrations` (
  `id` int(10) UNSIGNED NOT NULL,
  `migration` varchar(255) COLLATE utf8mb4_unicode_ci NOT NULL,
  `batch` int(11) NOT NULL
) ENGINE=InnoDB DEFAULT CHARSET=utf8mb4 COLLATE=utf8mb4_unicode_ci;

--
-- Dumping data for table `migrations`
--

INSERT INTO `migrations` (`id`, `migration`, `batch`) VALUES
(1, '2014_10_12_000000_create_users_table', 1),
(2, '2014_10_12_100000_create_password_resets_table', 1),
(3, '2019_08_19_000000_create_failed_jobs_table', 1),
(4, '2020_06_28_113715_create_product_management_tables', 1),
(5, '2020_07_03_043319_create_transaction_management_tables', 1),
(6, '2020_07_04_194053_add_image_to_products_table', 1),
(7, '2020_07_05_201031_create_expenses_table', 1),
(8, '2020_07_05_234128_create_shops_table', 1),
(9, '2020_07_10_023805_change_weight_size_to_text_in_products_table', 1);

-- --------------------------------------------------------

--
-- Table structure for table `password_resets`
--

CREATE TABLE `password_resets` (
  `email` varchar(255) COLLATE utf8mb4_unicode_ci NOT NULL,
  `token` varchar(255) COLLATE utf8mb4_unicode_ci NOT NULL,
  `created_at` timestamp NULL DEFAULT NULL
) ENGINE=InnoDB DEFAULT CHARSET=utf8mb4 COLLATE=utf8mb4_unicode_ci;

-- --------------------------------------------------------

--
-- Table structure for table `products`
--

CREATE TABLE `products` (
  `id` bigint(20) UNSIGNED NOT NULL,
  `category_id` bigint(20) UNSIGNED DEFAULT NULL,
  `name` varchar(255) COLLATE utf8mb4_unicode_ci NOT NULL,
  `price` double NOT NULL,
  `size` varchar(255) COLLATE utf8mb4_unicode_ci NOT NULL,
  `weight` varchar(255) COLLATE utf8mb4_unicode_ci NOT NULL,
  `description` text COLLATE utf8mb4_unicode_ci NOT NULL,
  `stock` bigint(20) UNSIGNED NOT NULL DEFAULT '0',
  `created_at` timestamp NULL DEFAULT NULL,
  `updated_at` timestamp NULL DEFAULT NULL,
  `image` text COLLATE utf8mb4_unicode_ci
) ENGINE=InnoDB DEFAULT CHARSET=utf8mb4 COLLATE=utf8mb4_unicode_ci;

--
-- Dumping data for table `products`
--

INSERT INTO `products` (`id`, `category_id`, `name`, `price`, `size`, `weight`, `description`, `stock`, `created_at`, `updated_at`, `image`) VALUES
(1, 2, 'Aut est similique est id.', 1500000, '1', '1', 'At qui qui quas nam facere quas corrupti. Numquam est reiciendis et et veritatis aliquam temporibus. Ut quasi sed reiciendis magni quo earum soluta.', 903, '2020-07-09 21:02:49', '2020-07-09 21:02:51', 'products/images/dummy-product (3).jpg'),
(2, 3, 'Vel nam quasi commodi quas.', 2000000, '1', '1', 'Error deserunt assumenda sequi fuga consequatur. Eos mollitia autem et quia in. Officiis harum sed deleniti occaecati expedita.', 868, '2020-07-09 21:02:49', '2020-07-09 21:02:51', 'products/images/dummy-product (2).jpg'),
(3, 1, 'Ut assumenda ullam qui.', 2500000, '1', '1', 'Vel odio distinctio sit deserunt in veniam. Ipsam temporibus illo consequatur asperiores soluta facilis. Distinctio itaque eos similique et perspiciatis adipisci.', 876, '2020-07-09 21:02:49', '2020-07-09 21:02:51', 'products/images/dummy-product (1).jpg'),
(4, 4, 'Velit sint et.', 2300000, '1', '1', 'Animi dicta praesentium fugit qui. Earum vero aliquid minima quis. Porro maxime dolorem accusamus voluptatem cum ut. Doloremque optio qui occaecati non. Inventore est et magni rerum.', 909, '2020-07-09 21:02:49', '2020-07-09 21:02:51', 'products/images/dummy-product (1).jpg'),
(5, 2, 'Expedita.', 2800000, '1', '1', 'Quia voluptatem mollitia incidunt repellendus sit facilis illo ut. Libero quisquam neque et debitis aliquid sapiente. At labore non aut quasi nemo in quae. Sed ut odit similique.', 897, '2020-07-09 21:02:49', '2020-07-09 21:02:51', 'products/images/dummy-product (2).jpg'),
(6, 4, 'Reiciendis illum.', 1300000, '1', '1', 'Enim voluptatum quis quasi et. Et rerum magnam velit doloremque vitae. Occaecati dicta omnis laboriosam quis ab laboriosam. Temporibus repellendus autem deserunt ex hic at.', 892, '2020-07-09 21:02:49', '2020-07-09 21:02:51', 'products/images/dummy-product (3).jpg'),
(7, 4, 'Cum commodi totam alias omnis.', 3000000, '1', '1', 'Quae laboriosam et vel qui in architecto. Sed et non et velit quisquam commodi. Debitis qui est fugiat rerum repudiandae molestias sunt.', 903, '2020-07-09 21:02:49', '2020-07-09 21:02:51', 'products/images/dummy-product (1).jpg'),
(8, 3, 'Et quos labore quam.', 2700000, '1', '1', 'Sunt nam aut repudiandae necessitatibus. Ut dolor aut nobis temporibus sed vel quibusdam. Sed voluptatibus illo debitis itaque. Voluptatem quis odit et provident.', 902, '2020-07-09 21:02:49', '2020-07-09 21:02:51', 'products/images/dummy-product (1).jpg'),
(9, 2, 'Placeat dolorum.', 2900000, '1', '1', 'Est in qui culpa cumque sed. Fuga sequi cumque sit sit. Maxime molestiae animi aliquid numquam labore.', 909, '2020-07-09 21:02:49', '2020-07-09 21:02:51', 'products/images/dummy-product (4).jpg'),
(10, 5, 'Quibusdam voluptate.', 2600000, '1', '1', 'Rem maxime soluta velit facilis. Est omnis odio accusantium.', 835, '2020-07-09 21:02:49', '2020-07-09 21:02:51', 'products/images/dummy-product (4).jpg');

-- --------------------------------------------------------

--
-- Table structure for table `product_categories`
--

CREATE TABLE `product_categories` (
  `id` bigint(20) UNSIGNED NOT NULL,
  `name` varchar(255) COLLATE utf8mb4_unicode_ci NOT NULL,
  `created_at` timestamp NULL DEFAULT NULL,
  `updated_at` timestamp NULL DEFAULT NULL
) ENGINE=InnoDB DEFAULT CHARSET=utf8mb4 COLLATE=utf8mb4_unicode_ci;

--
-- Dumping data for table `product_categories`
--

INSERT INTO `product_categories` (`id`, `name`, `created_at`, `updated_at`) VALUES
(1, 'qui', '2020-07-09 21:02:49', '2020-07-09 21:02:49'),
(2, 'voluptatibus', '2020-07-09 21:02:49', '2020-07-09 21:02:49'),
(3, 'et', '2020-07-09 21:02:49', '2020-07-09 21:02:49'),
(4, 'assumenda', '2020-07-09 21:02:49', '2020-07-09 21:02:49'),
(5, 'est', '2020-07-09 21:02:49', '2020-07-09 21:02:49');

-- --------------------------------------------------------

--
-- Table structure for table `shops`
--

CREATE TABLE `shops` (
  `id` bigint(20) UNSIGNED NOT NULL,
  `name` varchar(255) COLLATE utf8mb4_unicode_ci NOT NULL,
  `email` varchar(255) COLLATE utf8mb4_unicode_ci NOT NULL,
  `phone_number` varchar(255) COLLATE utf8mb4_unicode_ci NOT NULL,
  `address` text COLLATE utf8mb4_unicode_ci NOT NULL,
  `slogan` varchar(255) COLLATE utf8mb4_unicode_ci NOT NULL,
  `description` text COLLATE utf8mb4_unicode_ci NOT NULL,
  `photo` text COLLATE utf8mb4_unicode_ci NOT NULL,
  `is_active` tinyint(1) NOT NULL DEFAULT '0',
  `created_at` timestamp NULL DEFAULT NULL,
  `updated_at` timestamp NULL DEFAULT NULL
) ENGINE=InnoDB DEFAULT CHARSET=utf8mb4 COLLATE=utf8mb4_unicode_ci;

-- --------------------------------------------------------

--
-- Table structure for table `transactions`
--

CREATE TABLE `transactions` (
  `id` bigint(20) UNSIGNED NOT NULL,
  `code` varchar(255) COLLATE utf8mb4_unicode_ci NOT NULL,
  `total_price` double NOT NULL,
  `cash` double NOT NULL,
  `change` double NOT NULL,
  `created_at` timestamp NULL DEFAULT NULL,
  `updated_at` timestamp NULL DEFAULT NULL
) ENGINE=InnoDB DEFAULT CHARSET=utf8mb4 COLLATE=utf8mb4_unicode_ci;

--
-- Dumping data for table `transactions`
--

INSERT INTO `transactions` (`id`, `code`, `total_price`, `cash`, `change`, `created_at`, `updated_at`) VALUES
(1, 'INV-20200513-0001-0000', 47200000, 47225000, -25000, '2020-05-12 21:02:49', '2020-07-09 21:02:49'),
(2, 'INV-20200625-0002-0001', 24400000, 24411000, -11000, '2020-06-24 21:02:49', '2020-07-09 21:02:49'),
(3, 'INV-20200702-0003-0002', 18600000, 18646000, -46000, '2020-07-01 21:02:49', '2020-07-09 21:02:49'),
(4, 'INV-20200511-0004-0003', 29400000, 29435000, -35000, '2020-05-10 21:02:49', '2020-07-09 21:02:49'),
(5, 'INV-20200617-0004-0004', 30000000, 30007000, -7000, '2020-06-16 21:02:49', '2020-07-09 21:02:49'),
(6, 'INV-20200512-0004-0005', 22500000, 22514000, -14000, '2020-05-11 21:02:49', '2020-07-09 21:02:49'),
(7, 'INV-20200530-0004-0006', 13500000, 13540000, -40000, '2020-05-29 21:02:49', '2020-07-09 21:02:49'),
(8, 'INV-20200603-0004-0007', 17800000, 17848000, -48000, '2020-06-02 21:02:49', '2020-07-09 21:02:49'),
(9, 'INV-20200705-0004-0008', 18100000, 18136000, -36000, '2020-07-04 21:02:49', '2020-07-09 21:02:49'),
(10, 'INV-20200601-0005-0009', 13800000, 13818000, -18000, '2020-05-31 21:02:49', '2020-07-09 21:02:49'),
(11, 'INV-20200624-0005-0010', 24700000, 24725000, -25000, '2020-06-23 21:02:49', '2020-07-09 21:02:49'),
(12, 'INV-20200710-0005-0011', 32000000, 32020000, -20000, '2020-07-09 21:02:49', '2020-07-09 21:02:49'),
(13, 'INV-20200530-0006-0012', 32400000, 32409000, -9000, '2020-05-29 21:02:49', '2020-07-09 21:02:49'),
(14, 'INV-20200624-0006-0013', 28600000, 28640000, -40000, '2020-06-23 21:02:49', '2020-07-09 21:02:49'),
(15, 'INV-20200605-0006-0014', 67900000, 67912000, -12000, '2020-06-04 21:02:49', '2020-07-09 21:02:49'),
(16, 'INV-20200622-0006-0015', 32500000, 32545000, -45000, '2020-06-21 21:02:49', '2020-07-09 21:02:49'),
(17, 'INV-20200629-0006-0016', 16600000, 16623000, -23000, '2020-06-28 21:02:49', '2020-07-09 21:02:49'),
(18, 'INV-20200518-0006-0017', 9000000, 9026000, -26000, '2020-05-17 21:02:49', '2020-07-09 21:02:49'),
(19, 'INV-20200517-0006-0018', 31400000, 31441000, -41000, '2020-05-16 21:02:49', '2020-07-09 21:02:49'),
(20, 'INV-20200622-0006-0019', 32500000, 32550000, -50000, '2020-06-21 21:02:49', '2020-07-09 21:02:49'),
(21, 'INV-20200606-0006-0020', 6100000, 6100000, 0, '2020-06-05 21:02:49', '2020-07-09 21:02:49'),
(22, 'INV-20200526-0006-0021', 4600000, 4650000, -50000, '2020-05-25 21:02:49', '2020-07-09 21:02:50'),
(23, 'INV-20200606-0006-0022', 36900000, 36916000, -16000, '2020-06-05 21:02:50', '2020-07-09 21:02:50'),
(24, 'INV-20200627-0006-0023', 48100000, 48115000, -15000, '2020-06-26 21:02:50', '2020-07-09 21:02:50'),
(25, 'INV-20200528-0006-0024', 32600000, 32626000, -26000, '2020-05-27 21:02:50', '2020-07-09 21:02:50'),
(26, 'INV-20200702-0006-0025', 9700000, 9734000, -34000, '2020-07-01 21:02:50', '2020-07-09 21:02:50'),
(27, 'INV-20200528-0006-0026', 24900000, 24911000, -11000, '2020-05-27 21:02:50', '2020-07-09 21:02:50'),
(28, 'INV-20200521-0006-0027', 12800000, 12844000, -44000, '2020-05-20 21:02:50', '2020-07-09 21:02:50'),
(29, 'INV-20200526-0006-0028', 43700000, 43703000, -3000, '2020-05-25 21:02:50', '2020-07-09 21:02:50'),
(30, 'INV-20200531-0006-0029', 24600000, 24628000, -28000, '2020-05-30 21:02:50', '2020-07-09 21:02:50'),
(31, 'INV-20200703-0006-0030', 16900000, 16932000, -32000, '2020-07-02 21:02:50', '2020-07-09 21:02:50'),
(32, 'INV-20200603-0006-0031', 75300000, 75336000, -36000, '2020-06-02 21:02:50', '2020-07-09 21:02:50'),
(33, 'INV-20200619-0006-0032', 51100000, 51147000, -47000, '2020-06-18 21:02:50', '2020-07-09 21:02:50'),
(34, 'INV-20200520-0006-0033', 35400000, 35450000, -50000, '2020-05-19 21:02:50', '2020-07-09 21:02:50'),
(35, 'INV-20200526-0006-0034', 24500000, 24542000, -42000, '2020-05-25 21:02:50', '2020-07-09 21:02:50'),
(36, 'INV-20200626-0006-0035', 37100000, 37146000, -46000, '2020-06-25 21:02:50', '2020-07-09 21:02:50'),
(37, 'INV-20200627-0006-0036', 4400000, 4444000, -44000, '2020-06-26 21:02:50', '2020-07-09 21:02:50'),
(38, 'INV-20200605-0006-0037', 41000000, 41011000, -11000, '2020-06-04 21:02:50', '2020-07-09 21:02:50'),
(39, 'INV-20200704-0006-0038', 41800000, 41828000, -28000, '2020-07-03 21:02:50', '2020-07-09 21:02:50'),
(40, 'INV-20200624-0006-0039', 57600000, 57607000, -7000, '2020-06-23 21:02:50', '2020-07-09 21:02:50'),
(41, 'INV-20200705-0006-0040', 32200000, 32221000, -21000, '2020-07-04 21:02:50', '2020-07-09 21:02:50'),
(42, 'INV-20200515-0006-0041', 41300000, 41324000, -24000, '2020-05-14 21:02:50', '2020-07-09 21:02:50'),
(43, 'INV-20200515-0006-0042', 39000000, 39038000, -38000, '2020-05-14 21:02:50', '2020-07-09 21:02:50'),
(44, 'INV-20200529-0006-0043', 27100000, 27141000, -41000, '2020-05-28 21:02:50', '2020-07-09 21:02:50'),
(45, 'INV-20200622-0006-0044', 7700000, 7700000, 0, '2020-06-21 21:02:50', '2020-07-09 21:02:50'),
(46, 'INV-20200626-0006-0045', 40100000, 40125000, -25000, '2020-06-25 21:02:50', '2020-07-09 21:02:50'),
(47, 'INV-20200530-0006-0046', 23000000, 23046000, -46000, '2020-05-29 21:02:50', '2020-07-09 21:02:50'),
(48, 'INV-20200524-0006-0047', 14500000, 14542000, -42000, '2020-05-23 21:02:50', '2020-07-09 21:02:50'),
(49, 'INV-20200608-0006-0048', 29800000, 29850000, -50000, '2020-06-07 21:02:50', '2020-07-09 21:02:50'),
(50, 'INV-20200515-0006-0049', 52700000, 52729000, -29000, '2020-05-14 21:02:50', '2020-07-09 21:02:50'),
(51, 'INV-20200516-0006-0050', 49800000, 49802000, -2000, '2020-05-15 21:02:50', '2020-07-09 21:02:50'),
(52, 'INV-20200603-0006-0051', 22100000, 22103000, -3000, '2020-06-02 21:02:50', '2020-07-09 21:02:50'),
(53, 'INV-20200531-0006-0052', 33200000, 33229000, -29000, '2020-05-30 21:02:50', '2020-07-09 21:02:50'),
(54, 'INV-20200710-0006-0053', 14000000, 14015000, -15000, '2020-07-09 21:02:50', '2020-07-09 21:02:50'),
(55, 'INV-20200519-0007-0054', 26700000, 26725000, -25000, '2020-05-18 21:02:50', '2020-07-09 21:02:50'),
(56, 'INV-20200619-0007-0055', 45500000, 45535000, -35000, '2020-06-18 21:02:50', '2020-07-09 21:02:50'),
(57, 'INV-20200513-0007-0056', 24700000, 24709000, -9000, '2020-05-12 21:02:50', '2020-07-09 21:02:50'),
(58, 'INV-20200601-0007-0057', 10700000, 10711000, -11000, '2020-05-31 21:02:50', '2020-07-09 21:02:50'),
(59, 'INV-20200514-0007-0058', 18300000, 18302000, -2000, '2020-05-13 21:02:50', '2020-07-09 21:02:50'),
(60, 'INV-20200603-0007-0059', 15600000, 15601000, -1000, '2020-06-02 21:02:50', '2020-07-09 21:02:50'),
(61, 'INV-20200530-0007-0060', 32900000, 32913000, -13000, '2020-05-29 21:02:50', '2020-07-09 21:02:50'),
(62, 'INV-20200601-0007-0061', 32900000, 32925000, -25000, '2020-05-31 21:02:50', '2020-07-09 21:02:50'),
(63, 'INV-20200530-0007-0062', 5200000, 5225000, -25000, '2020-05-29 21:02:50', '2020-07-09 21:02:50'),
(64, 'INV-20200523-0007-0063', 9900000, 9937000, -37000, '2020-05-22 21:02:50', '2020-07-09 21:02:50'),
(65, 'INV-20200602-0007-0064', 13200000, 13211000, -11000, '2020-06-01 21:02:50', '2020-07-09 21:02:50'),
(66, 'INV-20200610-0007-0065', 35800000, 35816000, -16000, '2020-06-09 21:02:50', '2020-07-09 21:02:50'),
(67, 'INV-20200626-0007-0066', 13500000, 13510000, -10000, '2020-06-25 21:02:50', '2020-07-09 21:02:50'),
(68, 'INV-20200704-0007-0067', 12800000, 12845000, -45000, '2020-07-03 21:02:50', '2020-07-09 21:02:50'),
(69, 'INV-20200614-0007-0068', 69000000, 69038000, -38000, '2020-06-13 21:02:50', '2020-07-09 21:02:50'),
(70, 'INV-20200523-0007-0069', 5600000, 5650000, -50000, '2020-05-22 21:02:50', '2020-07-09 21:02:50'),
(71, 'INV-20200619-0007-0070', 11400000, 11441000, -41000, '2020-06-18 21:02:50', '2020-07-09 21:02:50'),
(72, 'INV-20200525-0007-0071', 40500000, 40514000, -14000, '2020-05-24 21:02:50', '2020-07-09 21:02:50'),
(73, 'INV-20200612-0007-0072', 35700000, 35705000, -5000, '2020-06-11 21:02:50', '2020-07-09 21:02:50'),
(74, 'INV-20200624-0007-0073', 7700000, 7706000, -6000, '2020-06-23 21:02:50', '2020-07-09 21:02:50'),
(75, 'INV-20200605-0007-0074', 8000000, 8011000, -11000, '2020-06-04 21:02:50', '2020-07-09 21:02:50'),
(76, 'INV-20200608-0007-0075', 34200000, 34248000, -48000, '2020-06-07 21:02:50', '2020-07-09 21:02:50'),
(77, 'INV-20200630-0007-0076', 31100000, 31141000, -41000, '2020-06-29 21:02:50', '2020-07-09 21:02:51'),
(78, 'INV-20200523-0007-0077', 28600000, 28624000, -24000, '2020-05-22 21:02:51', '2020-07-09 21:02:51'),
(79, 'INV-20200619-0007-0078', 5200000, 5244000, -44000, '2020-06-18 21:02:51', '2020-07-09 21:02:51'),
(80, 'INV-20200520-0007-0079', 18400000, 18409000, -9000, '2020-05-19 21:02:51', '2020-07-09 21:02:51'),
(81, 'INV-20200629-0007-0080', 23300000, 23329000, -29000, '2020-06-28 21:02:51', '2020-07-09 21:02:51'),
(82, 'INV-20200606-0007-0081', 31800000, 31841000, -41000, '2020-06-05 21:02:51', '2020-07-09 21:02:51'),
(83, 'INV-20200612-0007-0082', 15900000, 15904000, -4000, '2020-06-11 21:02:51', '2020-07-09 21:02:51'),
(84, 'INV-20200523-0007-0083', 25100000, 25138000, -38000, '2020-05-22 21:02:51', '2020-07-09 21:02:51'),
(85, 'INV-20200611-0007-0084', 23300000, 23319000, -19000, '2020-06-10 21:02:51', '2020-07-09 21:02:51'),
(86, 'INV-20200708-0007-0085', 2300000, 2322000, -22000, '2020-07-07 21:02:51', '2020-07-09 21:02:51'),
(87, 'INV-20200622-0007-0086', 21500000, 21542000, -42000, '2020-06-21 21:02:51', '2020-07-09 21:02:51'),
(88, 'INV-20200618-0007-0087', 2800000, 2804000, -4000, '2020-06-17 21:02:51', '2020-07-09 21:02:51'),
(89, 'INV-20200704-0007-0088', 34100000, 34117000, -17000, '2020-07-03 21:02:51', '2020-07-09 21:02:51'),
(90, 'INV-20200526-0007-0089', 15500000, 15550000, -50000, '2020-05-25 21:02:51', '2020-07-09 21:02:51'),
(91, 'INV-20200521-0007-0090', 21400000, 21411000, -11000, '2020-05-20 21:02:51', '2020-07-09 21:02:51'),
(92, 'INV-20200617-0007-0091', 37500000, 37532000, -32000, '2020-06-16 21:02:51', '2020-07-09 21:02:51'),
(93, 'INV-20200706-0007-0092', 22400000, 22431000, -31000, '2020-07-05 21:02:51', '2020-07-09 21:02:51'),
(94, 'INV-20200524-0007-0093', 28800000, 28838000, -38000, '2020-05-23 21:02:51', '2020-07-09 21:02:51'),
(95, 'INV-20200514-0007-0094', 30800000, 30800000, 0, '2020-05-13 21:02:51', '2020-07-09 21:02:51'),
(96, 'INV-20200627-0007-0095', 26600000, 26614000, -14000, '2020-06-26 21:02:51', '2020-07-09 21:02:51'),
(97, 'INV-20200611-0007-0096', 5100000, 5119000, -19000, '2020-06-10 21:02:51', '2020-07-09 21:02:51'),
(98, 'INV-20200606-0007-0097', 11200000, 11237000, -37000, '2020-06-05 21:02:51', '2020-07-09 21:02:51'),
(99, 'INV-20200619-0007-0098', 17100000, 17125000, -25000, '2020-06-18 21:02:51', '2020-07-09 21:02:51'),
(100, 'INV-20200616-0007-0099', 18000000, 18036000, -36000, '2020-06-15 21:02:51', '2020-07-09 21:02:51');

-- --------------------------------------------------------

--
-- Table structure for table `transaction_items`
--

CREATE TABLE `transaction_items` (
  `id` bigint(20) UNSIGNED NOT NULL,
  `transaction_id` bigint(20) UNSIGNED NOT NULL,
  `product_id` bigint(20) UNSIGNED NOT NULL,
  `qty` int(11) NOT NULL,
  `total_price` double NOT NULL,
  `created_at` timestamp NULL DEFAULT NULL,
  `updated_at` timestamp NULL DEFAULT NULL
) ENGINE=InnoDB DEFAULT CHARSET=utf8mb4 COLLATE=utf8mb4_unicode_ci;

--
-- Dumping data for table `transaction_items`
--

INSERT INTO `transaction_items` (`id`, `transaction_id`, `product_id`, `qty`, `total_price`, `created_at`, `updated_at`) VALUES
(1, 1, 10, 4, 10400000, '2020-05-12 21:02:49', '2020-07-09 21:02:49'),
(2, 1, 4, 5, 11500000, '2020-05-12 21:02:49', '2020-07-09 21:02:49'),
(3, 1, 2, 4, 8000000, '2020-05-12 21:02:49', '2020-07-09 21:02:49'),
(4, 1, 10, 5, 13000000, '2020-05-12 21:02:49', '2020-07-09 21:02:49'),
(5, 1, 6, 1, 1300000, '2020-05-12 21:02:49', '2020-07-09 21:02:49'),
(6, 1, 7, 1, 3000000, '2020-05-12 21:02:49', '2020-07-09 21:02:49'),
(7, 2, 4, 4, 9200000, '2020-06-24 21:02:49', '2020-07-09 21:02:49'),
(8, 2, 6, 4, 5200000, '2020-06-24 21:02:49', '2020-07-09 21:02:49'),
(9, 2, 2, 5, 10000000, '2020-06-24 21:02:49', '2020-07-09 21:02:49'),
(10, 3, 2, 5, 10000000, '2020-07-01 21:02:49', '2020-07-09 21:02:49'),
(11, 3, 9, 2, 5800000, '2020-07-01 21:02:49', '2020-07-09 21:02:49'),
(12, 3, 5, 1, 2800000, '2020-07-01 21:02:49', '2020-07-09 21:02:49'),
(13, 4, 7, 2, 6000000, '2020-05-10 21:02:49', '2020-07-09 21:02:49'),
(14, 4, 7, 1, 3000000, '2020-05-10 21:02:49', '2020-07-09 21:02:49'),
(15, 4, 7, 5, 15000000, '2020-05-10 21:02:49', '2020-07-09 21:02:49'),
(16, 4, 8, 2, 5400000, '2020-05-10 21:02:49', '2020-07-09 21:02:49'),
(17, 5, 6, 3, 3900000, '2020-06-16 21:02:49', '2020-07-09 21:02:49'),
(18, 5, 5, 4, 11200000, '2020-06-16 21:02:49', '2020-07-09 21:02:49'),
(19, 5, 9, 1, 2900000, '2020-06-16 21:02:49', '2020-07-09 21:02:49'),
(20, 5, 2, 1, 2000000, '2020-06-16 21:02:49', '2020-07-09 21:02:49'),
(21, 5, 2, 5, 10000000, '2020-06-16 21:02:49', '2020-07-09 21:02:49'),
(22, 6, 2, 2, 4000000, '2020-05-11 21:02:49', '2020-07-09 21:02:49'),
(23, 6, 8, 1, 2700000, '2020-05-11 21:02:49', '2020-07-09 21:02:49'),
(24, 6, 8, 2, 5400000, '2020-05-11 21:02:49', '2020-07-09 21:02:49'),
(25, 6, 10, 4, 10400000, '2020-05-11 21:02:49', '2020-07-09 21:02:49'),
(26, 7, 1, 3, 4500000, '2020-05-29 21:02:49', '2020-07-09 21:02:49'),
(27, 7, 7, 3, 9000000, '2020-05-29 21:02:49', '2020-07-09 21:02:49'),
(28, 8, 1, 2, 3000000, '2020-06-02 21:02:49', '2020-07-09 21:02:49'),
(29, 8, 4, 1, 2300000, '2020-06-02 21:02:49', '2020-07-09 21:02:49'),
(30, 8, 3, 5, 12500000, '2020-06-02 21:02:49', '2020-07-09 21:02:49'),
(31, 9, 6, 2, 2600000, '2020-07-04 21:02:49', '2020-07-09 21:02:49'),
(32, 9, 9, 4, 11600000, '2020-07-04 21:02:49', '2020-07-09 21:02:49'),
(33, 9, 6, 3, 3900000, '2020-07-04 21:02:49', '2020-07-09 21:02:49'),
(34, 10, 7, 1, 3000000, '2020-05-31 21:02:49', '2020-07-09 21:02:49'),
(35, 10, 8, 4, 10800000, '2020-05-31 21:02:49', '2020-07-09 21:02:49'),
(36, 11, 6, 4, 5200000, '2020-06-23 21:02:49', '2020-07-09 21:02:49'),
(37, 11, 4, 3, 6900000, '2020-06-23 21:02:49', '2020-07-09 21:02:49'),
(38, 11, 6, 2, 2600000, '2020-06-23 21:02:49', '2020-07-09 21:02:49'),
(39, 11, 2, 5, 10000000, '2020-06-23 21:02:49', '2020-07-09 21:02:49'),
(40, 12, 5, 5, 14000000, '2020-07-09 21:02:49', '2020-07-09 21:02:49'),
(41, 12, 7, 5, 15000000, '2020-07-09 21:02:49', '2020-07-09 21:02:49'),
(42, 12, 7, 1, 3000000, '2020-07-09 21:02:49', '2020-07-09 21:02:49'),
(43, 13, 2, 1, 2000000, '2020-05-29 21:02:49', '2020-07-09 21:02:49'),
(44, 13, 8, 1, 2700000, '2020-05-29 21:02:49', '2020-07-09 21:02:49'),
(45, 13, 8, 5, 13500000, '2020-05-29 21:02:49', '2020-07-09 21:02:49'),
(46, 13, 8, 1, 2700000, '2020-05-29 21:02:49', '2020-07-09 21:02:49'),
(47, 13, 4, 5, 11500000, '2020-05-29 21:02:49', '2020-07-09 21:02:49'),
(48, 14, 2, 1, 2000000, '2020-06-23 21:02:49', '2020-07-09 21:02:49'),
(49, 14, 2, 5, 10000000, '2020-06-23 21:02:49', '2020-07-09 21:02:49'),
(50, 14, 9, 4, 11600000, '2020-06-23 21:02:49', '2020-07-09 21:02:49'),
(51, 14, 3, 2, 5000000, '2020-06-23 21:02:49', '2020-07-09 21:02:49'),
(52, 15, 6, 4, 5200000, '2020-06-04 21:02:49', '2020-07-09 21:02:49'),
(53, 15, 3, 4, 10000000, '2020-06-04 21:02:49', '2020-07-09 21:02:49'),
(54, 15, 5, 2, 5600000, '2020-06-04 21:02:49', '2020-07-09 21:02:49'),
(55, 15, 6, 3, 3900000, '2020-06-04 21:02:49', '2020-07-09 21:02:49'),
(56, 15, 8, 1, 2700000, '2020-06-04 21:02:49', '2020-07-09 21:02:49'),
(57, 15, 7, 4, 12000000, '2020-06-04 21:02:49', '2020-07-09 21:02:49'),
(58, 15, 7, 2, 6000000, '2020-06-04 21:02:49', '2020-07-09 21:02:49'),
(59, 15, 2, 5, 10000000, '2020-06-04 21:02:49', '2020-07-09 21:02:49'),
(60, 15, 3, 5, 12500000, '2020-06-04 21:02:49', '2020-07-09 21:02:49'),
(61, 16, 10, 5, 13000000, '2020-06-21 21:02:49', '2020-07-09 21:02:49'),
(62, 16, 4, 5, 11500000, '2020-06-21 21:02:49', '2020-07-09 21:02:49'),
(63, 16, 2, 4, 8000000, '2020-06-21 21:02:49', '2020-07-09 21:02:49'),
(64, 17, 2, 3, 6000000, '2020-06-28 21:02:49', '2020-07-09 21:02:49'),
(65, 17, 8, 2, 5400000, '2020-06-28 21:02:49', '2020-07-09 21:02:49'),
(66, 17, 6, 4, 5200000, '2020-06-28 21:02:49', '2020-07-09 21:02:49'),
(67, 18, 1, 3, 4500000, '2020-05-17 21:02:49', '2020-07-09 21:02:49'),
(68, 18, 1, 3, 4500000, '2020-05-17 21:02:49', '2020-07-09 21:02:49'),
(69, 19, 8, 4, 10800000, '2020-05-16 21:02:49', '2020-07-09 21:02:49'),
(70, 19, 10, 1, 2600000, '2020-05-16 21:02:49', '2020-07-09 21:02:49'),
(71, 19, 3, 4, 10000000, '2020-05-16 21:02:49', '2020-07-09 21:02:49'),
(72, 19, 2, 2, 4000000, '2020-05-16 21:02:49', '2020-07-09 21:02:49'),
(73, 19, 2, 2, 4000000, '2020-05-16 21:02:49', '2020-07-09 21:02:49'),
(74, 20, 3, 3, 7500000, '2020-06-21 21:02:49', '2020-07-09 21:02:49'),
(75, 20, 3, 3, 7500000, '2020-06-21 21:02:49', '2020-07-09 21:02:49'),
(76, 20, 8, 2, 5400000, '2020-06-21 21:02:49', '2020-07-09 21:02:49'),
(77, 20, 6, 5, 6500000, '2020-06-21 21:02:49', '2020-07-09 21:02:49'),
(78, 20, 5, 2, 5600000, '2020-06-21 21:02:49', '2020-07-09 21:02:49'),
(79, 21, 2, 1, 2000000, '2020-06-05 21:02:49', '2020-07-09 21:02:49'),
(80, 21, 1, 1, 1500000, '2020-06-05 21:02:49', '2020-07-09 21:02:49'),
(81, 21, 10, 1, 2600000, '2020-06-05 21:02:49', '2020-07-09 21:02:49'),
(82, 22, 4, 2, 4600000, '2020-05-25 21:02:49', '2020-07-09 21:02:50'),
(83, 23, 1, 1, 1500000, '2020-06-05 21:02:50', '2020-07-09 21:02:50'),
(84, 23, 4, 3, 6900000, '2020-06-05 21:02:50', '2020-07-09 21:02:50'),
(85, 23, 10, 1, 2600000, '2020-06-05 21:02:50', '2020-07-09 21:02:50'),
(86, 23, 3, 4, 10000000, '2020-06-05 21:02:50', '2020-07-09 21:02:50'),
(87, 23, 6, 3, 3900000, '2020-06-05 21:02:50', '2020-07-09 21:02:50'),
(88, 23, 7, 4, 12000000, '2020-06-05 21:02:50', '2020-07-09 21:02:50'),
(89, 24, 2, 5, 10000000, '2020-06-26 21:02:50', '2020-07-09 21:02:50'),
(90, 24, 3, 4, 10000000, '2020-06-26 21:02:50', '2020-07-09 21:02:50'),
(91, 24, 10, 3, 7800000, '2020-06-26 21:02:50', '2020-07-09 21:02:50'),
(92, 24, 9, 1, 2900000, '2020-06-26 21:02:50', '2020-07-09 21:02:50'),
(93, 24, 9, 1, 2900000, '2020-06-26 21:02:50', '2020-07-09 21:02:50'),
(94, 24, 9, 5, 14500000, '2020-06-26 21:02:50', '2020-07-09 21:02:50'),
(95, 25, 1, 2, 3000000, '2020-05-27 21:02:50', '2020-07-09 21:02:50'),
(96, 25, 10, 2, 5200000, '2020-05-27 21:02:50', '2020-07-09 21:02:50'),
(97, 25, 5, 3, 8400000, '2020-05-27 21:02:50', '2020-07-09 21:02:50'),
(98, 25, 1, 4, 6000000, '2020-05-27 21:02:50', '2020-07-09 21:02:50'),
(99, 25, 2, 5, 10000000, '2020-05-27 21:02:50', '2020-07-09 21:02:50'),
(100, 26, 6, 4, 5200000, '2020-07-01 21:02:50', '2020-07-09 21:02:50'),
(101, 26, 1, 3, 4500000, '2020-07-01 21:02:50', '2020-07-09 21:02:50'),
(102, 27, 9, 3, 8700000, '2020-05-27 21:02:50', '2020-07-09 21:02:50'),
(103, 27, 1, 2, 3000000, '2020-05-27 21:02:50', '2020-07-09 21:02:50'),
(104, 27, 10, 4, 10400000, '2020-05-27 21:02:50', '2020-07-09 21:02:50'),
(105, 27, 5, 1, 2800000, '2020-05-27 21:02:50', '2020-07-09 21:02:50'),
(106, 28, 10, 2, 5200000, '2020-05-20 21:02:50', '2020-07-09 21:02:50'),
(107, 28, 3, 2, 5000000, '2020-05-20 21:02:50', '2020-07-09 21:02:50'),
(108, 28, 6, 2, 2600000, '2020-05-20 21:02:50', '2020-07-09 21:02:50'),
(109, 29, 9, 1, 2900000, '2020-05-25 21:02:50', '2020-07-09 21:02:50'),
(110, 29, 9, 1, 2900000, '2020-05-25 21:02:50', '2020-07-09 21:02:50'),
(111, 29, 5, 5, 14000000, '2020-05-25 21:02:50', '2020-07-09 21:02:50'),
(112, 29, 5, 3, 8400000, '2020-05-25 21:02:50', '2020-07-09 21:02:50'),
(113, 29, 3, 5, 12500000, '2020-05-25 21:02:50', '2020-07-09 21:02:50'),
(114, 29, 1, 2, 3000000, '2020-05-25 21:02:50', '2020-07-09 21:02:50'),
(115, 30, 2, 1, 2000000, '2020-05-30 21:02:50', '2020-07-09 21:02:50'),
(116, 30, 7, 4, 12000000, '2020-05-30 21:02:50', '2020-07-09 21:02:50'),
(117, 30, 4, 2, 4600000, '2020-05-30 21:02:50', '2020-07-09 21:02:50'),
(118, 30, 1, 4, 6000000, '2020-05-30 21:02:50', '2020-07-09 21:02:50'),
(119, 31, 3, 4, 10000000, '2020-07-02 21:02:50', '2020-07-09 21:02:50'),
(120, 31, 4, 3, 6900000, '2020-07-02 21:02:50', '2020-07-09 21:02:50'),
(121, 32, 9, 5, 14500000, '2020-06-02 21:02:50', '2020-07-09 21:02:50'),
(122, 32, 8, 3, 8100000, '2020-06-02 21:02:50', '2020-07-09 21:02:50'),
(123, 32, 8, 3, 8100000, '2020-06-02 21:02:50', '2020-07-09 21:02:50'),
(124, 32, 10, 5, 13000000, '2020-06-02 21:02:50', '2020-07-09 21:02:50'),
(125, 32, 6, 3, 3900000, '2020-06-02 21:02:50', '2020-07-09 21:02:50'),
(126, 32, 10, 3, 7800000, '2020-06-02 21:02:50', '2020-07-09 21:02:50'),
(127, 32, 5, 3, 8400000, '2020-06-02 21:02:50', '2020-07-09 21:02:50'),
(128, 32, 4, 5, 11500000, '2020-06-02 21:02:50', '2020-07-09 21:02:50'),
(129, 33, 6, 5, 6500000, '2020-06-18 21:02:50', '2020-07-09 21:02:50'),
(130, 33, 5, 5, 14000000, '2020-06-18 21:02:50', '2020-07-09 21:02:50'),
(131, 33, 10, 5, 13000000, '2020-06-18 21:02:50', '2020-07-09 21:02:50'),
(132, 33, 7, 5, 15000000, '2020-06-18 21:02:50', '2020-07-09 21:02:50'),
(133, 33, 10, 1, 2600000, '2020-06-18 21:02:50', '2020-07-09 21:02:50'),
(134, 34, 6, 1, 1300000, '2020-05-19 21:02:50', '2020-07-09 21:02:50'),
(135, 34, 8, 1, 2700000, '2020-05-19 21:02:50', '2020-07-09 21:02:50'),
(136, 34, 2, 4, 8000000, '2020-05-19 21:02:50', '2020-07-09 21:02:50'),
(137, 34, 9, 4, 11600000, '2020-05-19 21:02:50', '2020-07-09 21:02:50'),
(138, 34, 4, 4, 9200000, '2020-05-19 21:02:50', '2020-07-09 21:02:50'),
(139, 34, 6, 2, 2600000, '2020-05-19 21:02:50', '2020-07-09 21:02:50'),
(140, 35, 8, 3, 8100000, '2020-05-25 21:02:50', '2020-07-09 21:02:50'),
(141, 35, 1, 1, 1500000, '2020-05-25 21:02:50', '2020-07-09 21:02:50'),
(142, 35, 5, 3, 8400000, '2020-05-25 21:02:50', '2020-07-09 21:02:50'),
(143, 35, 6, 5, 6500000, '2020-05-25 21:02:50', '2020-07-09 21:02:50'),
(144, 36, 5, 1, 2800000, '2020-06-25 21:02:50', '2020-07-09 21:02:50'),
(145, 36, 7, 1, 3000000, '2020-06-25 21:02:50', '2020-07-09 21:02:50'),
(146, 36, 4, 5, 11500000, '2020-06-25 21:02:50', '2020-07-09 21:02:50'),
(147, 36, 8, 4, 10800000, '2020-06-25 21:02:50', '2020-07-09 21:02:50'),
(148, 36, 7, 3, 9000000, '2020-06-25 21:02:50', '2020-07-09 21:02:50'),
(149, 37, 1, 1, 1500000, '2020-06-26 21:02:50', '2020-07-09 21:02:50'),
(150, 37, 9, 1, 2900000, '2020-06-26 21:02:50', '2020-07-09 21:02:50'),
(151, 38, 6, 4, 5200000, '2020-06-04 21:02:50', '2020-07-09 21:02:50'),
(152, 38, 8, 4, 10800000, '2020-06-04 21:02:50', '2020-07-09 21:02:50'),
(153, 38, 3, 5, 12500000, '2020-06-04 21:02:50', '2020-07-09 21:02:50'),
(154, 38, 3, 5, 12500000, '2020-06-04 21:02:50', '2020-07-09 21:02:50'),
(155, 39, 7, 4, 12000000, '2020-07-03 21:02:50', '2020-07-09 21:02:50'),
(156, 39, 7, 3, 9000000, '2020-07-03 21:02:50', '2020-07-09 21:02:50'),
(157, 39, 10, 5, 13000000, '2020-07-03 21:02:50', '2020-07-09 21:02:50'),
(158, 39, 10, 3, 7800000, '2020-07-03 21:02:50', '2020-07-09 21:02:50'),
(159, 40, 5, 4, 11200000, '2020-06-23 21:02:50', '2020-07-09 21:02:50'),
(160, 40, 9, 2, 5800000, '2020-06-23 21:02:50', '2020-07-09 21:02:50'),
(161, 40, 3, 3, 7500000, '2020-06-23 21:02:50', '2020-07-09 21:02:50'),
(162, 40, 2, 1, 2000000, '2020-06-23 21:02:50', '2020-07-09 21:02:50'),
(163, 40, 4, 5, 11500000, '2020-06-23 21:02:50', '2020-07-09 21:02:50'),
(164, 40, 10, 1, 2600000, '2020-06-23 21:02:50', '2020-07-09 21:02:50'),
(165, 40, 1, 2, 3000000, '2020-06-23 21:02:50', '2020-07-09 21:02:50'),
(166, 40, 5, 5, 14000000, '2020-06-23 21:02:50', '2020-07-09 21:02:50'),
(167, 41, 3, 5, 12500000, '2020-07-04 21:02:50', '2020-07-09 21:02:50'),
(168, 41, 8, 1, 2700000, '2020-07-04 21:02:50', '2020-07-09 21:02:50'),
(169, 41, 2, 2, 4000000, '2020-07-04 21:02:50', '2020-07-09 21:02:50'),
(170, 41, 10, 5, 13000000, '2020-07-04 21:02:50', '2020-07-09 21:02:50'),
(171, 42, 6, 1, 1300000, '2020-05-14 21:02:50', '2020-07-09 21:02:50'),
(172, 42, 6, 2, 2600000, '2020-05-14 21:02:50', '2020-07-09 21:02:50'),
(173, 42, 3, 2, 5000000, '2020-05-14 21:02:50', '2020-07-09 21:02:50'),
(174, 42, 10, 4, 10400000, '2020-05-14 21:02:50', '2020-07-09 21:02:50'),
(175, 42, 5, 5, 14000000, '2020-05-14 21:02:50', '2020-07-09 21:02:50'),
(176, 42, 2, 4, 8000000, '2020-05-14 21:02:50', '2020-07-09 21:02:50'),
(177, 43, 7, 3, 9000000, '2020-05-14 21:02:50', '2020-07-09 21:02:50'),
(178, 43, 2, 2, 4000000, '2020-05-14 21:02:50', '2020-07-09 21:02:50'),
(179, 43, 1, 4, 6000000, '2020-05-14 21:02:50', '2020-07-09 21:02:50'),
(180, 43, 2, 2, 4000000, '2020-05-14 21:02:50', '2020-07-09 21:02:50'),
(181, 43, 2, 3, 6000000, '2020-05-14 21:02:50', '2020-07-09 21:02:50'),
(182, 43, 2, 5, 10000000, '2020-05-14 21:02:50', '2020-07-09 21:02:50'),
(183, 44, 1, 4, 6000000, '2020-05-28 21:02:50', '2020-07-09 21:02:50'),
(184, 44, 3, 3, 7500000, '2020-05-28 21:02:50', '2020-07-09 21:02:50'),
(185, 44, 4, 2, 4600000, '2020-05-28 21:02:50', '2020-07-09 21:02:50'),
(186, 44, 7, 3, 9000000, '2020-05-28 21:02:50', '2020-07-09 21:02:50'),
(187, 45, 10, 2, 5200000, '2020-06-21 21:02:50', '2020-07-09 21:02:50'),
(188, 45, 3, 1, 2500000, '2020-06-21 21:02:50', '2020-07-09 21:02:50'),
(189, 46, 8, 4, 10800000, '2020-06-25 21:02:50', '2020-07-09 21:02:50'),
(190, 46, 1, 4, 6000000, '2020-06-25 21:02:50', '2020-07-09 21:02:50'),
(191, 46, 10, 5, 13000000, '2020-06-25 21:02:50', '2020-07-09 21:02:50'),
(192, 46, 6, 2, 2600000, '2020-06-25 21:02:50', '2020-07-09 21:02:50'),
(193, 46, 3, 2, 5000000, '2020-06-25 21:02:50', '2020-07-09 21:02:50'),
(194, 46, 8, 1, 2700000, '2020-06-25 21:02:50', '2020-07-09 21:02:50'),
(195, 47, 2, 5, 10000000, '2020-05-29 21:02:50', '2020-07-09 21:02:50'),
(196, 47, 10, 5, 13000000, '2020-05-29 21:02:50', '2020-07-09 21:02:50'),
(197, 48, 10, 2, 5200000, '2020-05-23 21:02:50', '2020-07-09 21:02:50'),
(198, 48, 6, 3, 3900000, '2020-05-23 21:02:50', '2020-07-09 21:02:50'),
(199, 48, 8, 2, 5400000, '2020-05-23 21:02:50', '2020-07-09 21:02:50'),
(200, 49, 4, 3, 6900000, '2020-06-07 21:02:50', '2020-07-09 21:02:50'),
(201, 49, 1, 2, 3000000, '2020-06-07 21:02:50', '2020-07-09 21:02:50'),
(202, 49, 9, 3, 8700000, '2020-06-07 21:02:50', '2020-07-09 21:02:50'),
(203, 49, 10, 1, 2600000, '2020-06-07 21:02:50', '2020-07-09 21:02:50'),
(204, 49, 7, 2, 6000000, '2020-06-07 21:02:50', '2020-07-09 21:02:50'),
(205, 49, 10, 1, 2600000, '2020-06-07 21:02:50', '2020-07-09 21:02:50'),
(206, 50, 7, 4, 12000000, '2020-05-14 21:02:50', '2020-07-09 21:02:50'),
(207, 50, 7, 5, 15000000, '2020-05-14 21:02:50', '2020-07-09 21:02:50'),
(208, 50, 5, 1, 2800000, '2020-05-14 21:02:50', '2020-07-09 21:02:50'),
(209, 50, 5, 1, 2800000, '2020-05-14 21:02:50', '2020-07-09 21:02:50'),
(210, 50, 8, 3, 8100000, '2020-05-14 21:02:50', '2020-07-09 21:02:50'),
(211, 50, 7, 4, 12000000, '2020-05-14 21:02:50', '2020-07-09 21:02:50'),
(212, 51, 9, 5, 14500000, '2020-05-15 21:02:50', '2020-07-09 21:02:50'),
(213, 51, 7, 2, 6000000, '2020-05-15 21:02:50', '2020-07-09 21:02:50'),
(214, 51, 8, 4, 10800000, '2020-05-15 21:02:50', '2020-07-09 21:02:50'),
(215, 51, 2, 2, 4000000, '2020-05-15 21:02:50', '2020-07-09 21:02:50'),
(216, 51, 9, 5, 14500000, '2020-05-15 21:02:50', '2020-07-09 21:02:50'),
(217, 52, 2, 1, 2000000, '2020-06-02 21:02:50', '2020-07-09 21:02:50'),
(218, 52, 5, 4, 11200000, '2020-06-02 21:02:50', '2020-07-09 21:02:50'),
(219, 52, 9, 1, 2900000, '2020-06-02 21:02:50', '2020-07-09 21:02:50'),
(220, 52, 7, 2, 6000000, '2020-06-02 21:02:50', '2020-07-09 21:02:50'),
(221, 53, 2, 3, 6000000, '2020-05-30 21:02:50', '2020-07-09 21:02:50'),
(222, 53, 1, 4, 6000000, '2020-05-30 21:02:50', '2020-07-09 21:02:50'),
(223, 53, 2, 3, 6000000, '2020-05-30 21:02:50', '2020-07-09 21:02:50'),
(224, 53, 3, 1, 2500000, '2020-05-30 21:02:50', '2020-07-09 21:02:50'),
(225, 53, 1, 5, 7500000, '2020-05-30 21:02:50', '2020-07-09 21:02:50'),
(226, 53, 10, 2, 5200000, '2020-05-30 21:02:50', '2020-07-09 21:02:50'),
(227, 54, 5, 5, 14000000, '2020-07-09 21:02:50', '2020-07-09 21:02:50'),
(228, 55, 3, 2, 5000000, '2020-05-18 21:02:50', '2020-07-09 21:02:50'),
(229, 55, 6, 2, 2600000, '2020-05-18 21:02:50', '2020-07-09 21:02:50'),
(230, 55, 9, 4, 11600000, '2020-05-18 21:02:50', '2020-07-09 21:02:50'),
(231, 55, 1, 5, 7500000, '2020-05-18 21:02:50', '2020-07-09 21:02:50'),
(232, 56, 4, 1, 2300000, '2020-06-18 21:02:50', '2020-07-09 21:02:50'),
(233, 56, 8, 5, 13500000, '2020-06-18 21:02:50', '2020-07-09 21:02:50'),
(234, 56, 4, 1, 2300000, '2020-06-18 21:02:50', '2020-07-09 21:02:50'),
(235, 56, 1, 1, 1500000, '2020-06-18 21:02:50', '2020-07-09 21:02:50'),
(236, 56, 2, 4, 8000000, '2020-06-18 21:02:50', '2020-07-09 21:02:50'),
(237, 56, 10, 4, 10400000, '2020-06-18 21:02:50', '2020-07-09 21:02:50'),
(238, 56, 3, 3, 7500000, '2020-06-18 21:02:50', '2020-07-09 21:02:50'),
(239, 57, 8, 1, 2700000, '2020-05-12 21:02:50', '2020-07-09 21:02:50'),
(240, 57, 9, 5, 14500000, '2020-05-12 21:02:50', '2020-07-09 21:02:50'),
(241, 57, 3, 3, 7500000, '2020-05-12 21:02:50', '2020-07-09 21:02:50'),
(242, 58, 2, 4, 8000000, '2020-05-31 21:02:50', '2020-07-09 21:02:50'),
(243, 58, 8, 1, 2700000, '2020-05-31 21:02:50', '2020-07-09 21:02:50'),
(244, 59, 9, 2, 5800000, '2020-05-13 21:02:50', '2020-07-09 21:02:50'),
(245, 59, 3, 5, 12500000, '2020-05-13 21:02:50', '2020-07-09 21:02:50'),
(246, 60, 10, 5, 13000000, '2020-06-02 21:02:50', '2020-07-09 21:02:50'),
(247, 60, 10, 1, 2600000, '2020-06-02 21:02:50', '2020-07-09 21:02:50'),
(248, 61, 1, 4, 6000000, '2020-05-29 21:02:50', '2020-07-09 21:02:50'),
(249, 61, 5, 4, 11200000, '2020-05-29 21:02:50', '2020-07-09 21:02:50'),
(250, 61, 7, 1, 3000000, '2020-05-29 21:02:50', '2020-07-09 21:02:50'),
(251, 61, 10, 1, 2600000, '2020-05-29 21:02:50', '2020-07-09 21:02:50'),
(252, 61, 6, 2, 2600000, '2020-05-29 21:02:50', '2020-07-09 21:02:50'),
(253, 61, 3, 3, 7500000, '2020-05-29 21:02:50', '2020-07-09 21:02:50'),
(254, 62, 1, 3, 4500000, '2020-05-31 21:02:50', '2020-07-09 21:02:50'),
(255, 62, 4, 5, 11500000, '2020-05-31 21:02:50', '2020-07-09 21:02:50'),
(256, 62, 4, 2, 4600000, '2020-05-31 21:02:50', '2020-07-09 21:02:50'),
(257, 62, 6, 4, 5200000, '2020-05-31 21:02:50', '2020-07-09 21:02:50'),
(258, 62, 6, 2, 2600000, '2020-05-31 21:02:50', '2020-07-09 21:02:50'),
(259, 62, 1, 3, 4500000, '2020-05-31 21:02:50', '2020-07-09 21:02:50'),
(260, 63, 3, 1, 2500000, '2020-05-29 21:02:50', '2020-07-09 21:02:50'),
(261, 63, 8, 1, 2700000, '2020-05-29 21:02:50', '2020-07-09 21:02:50'),
(262, 64, 1, 1, 1500000, '2020-05-22 21:02:50', '2020-07-09 21:02:50'),
(263, 64, 5, 3, 8400000, '2020-05-22 21:02:50', '2020-07-09 21:02:50'),
(264, 65, 5, 1, 2800000, '2020-06-01 21:02:50', '2020-07-09 21:02:50'),
(265, 65, 6, 4, 5200000, '2020-06-01 21:02:50', '2020-07-09 21:02:50'),
(266, 65, 6, 4, 5200000, '2020-06-01 21:02:50', '2020-07-09 21:02:50'),
(267, 66, 8, 4, 10800000, '2020-06-09 21:02:50', '2020-07-09 21:02:50'),
(268, 66, 3, 3, 7500000, '2020-06-09 21:02:50', '2020-07-09 21:02:50'),
(269, 66, 1, 3, 4500000, '2020-06-09 21:02:50', '2020-07-09 21:02:50'),
(270, 66, 10, 5, 13000000, '2020-06-09 21:02:50', '2020-07-09 21:02:50'),
(271, 67, 8, 1, 2700000, '2020-06-25 21:02:50', '2020-07-09 21:02:50'),
(272, 67, 5, 2, 5600000, '2020-06-25 21:02:50', '2020-07-09 21:02:50'),
(273, 67, 10, 2, 5200000, '2020-06-25 21:02:50', '2020-07-09 21:02:50'),
(274, 68, 8, 4, 10800000, '2020-07-03 21:02:50', '2020-07-09 21:02:50'),
(275, 68, 2, 1, 2000000, '2020-07-03 21:02:50', '2020-07-09 21:02:50'),
(276, 69, 5, 4, 11200000, '2020-06-13 21:02:50', '2020-07-09 21:02:50'),
(277, 69, 5, 4, 11200000, '2020-06-13 21:02:50', '2020-07-09 21:02:50'),
(278, 69, 7, 3, 9000000, '2020-06-13 21:02:50', '2020-07-09 21:02:50'),
(279, 69, 2, 5, 10000000, '2020-06-13 21:02:50', '2020-07-09 21:02:50'),
(280, 69, 6, 2, 2600000, '2020-06-13 21:02:50', '2020-07-09 21:02:50'),
(281, 69, 3, 5, 12500000, '2020-06-13 21:02:50', '2020-07-09 21:02:50'),
(282, 69, 3, 5, 12500000, '2020-06-13 21:02:50', '2020-07-09 21:02:50'),
(283, 70, 5, 2, 5600000, '2020-05-22 21:02:50', '2020-07-09 21:02:50'),
(284, 71, 7, 2, 6000000, '2020-06-18 21:02:50', '2020-07-09 21:02:50'),
(285, 71, 8, 2, 5400000, '2020-06-18 21:02:50', '2020-07-09 21:02:50'),
(286, 72, 7, 5, 15000000, '2020-05-24 21:02:50', '2020-07-09 21:02:50'),
(287, 72, 10, 5, 13000000, '2020-05-24 21:02:50', '2020-07-09 21:02:50'),
(288, 72, 3, 5, 12500000, '2020-05-24 21:02:50', '2020-07-09 21:02:50'),
(289, 73, 4, 5, 11500000, '2020-06-11 21:02:50', '2020-07-09 21:02:50'),
(290, 73, 10, 5, 13000000, '2020-06-11 21:02:50', '2020-07-09 21:02:50'),
(291, 73, 5, 4, 11200000, '2020-06-11 21:02:50', '2020-07-09 21:02:50'),
(292, 74, 3, 1, 2500000, '2020-06-23 21:02:50', '2020-07-09 21:02:50'),
(293, 74, 10, 2, 5200000, '2020-06-23 21:02:50', '2020-07-09 21:02:50'),
(294, 75, 2, 4, 8000000, '2020-06-04 21:02:50', '2020-07-09 21:02:50'),
(295, 76, 9, 1, 2900000, '2020-06-07 21:02:50', '2020-07-09 21:02:50'),
(296, 76, 9, 4, 11600000, '2020-06-07 21:02:50', '2020-07-09 21:02:50'),
(297, 76, 5, 2, 5600000, '2020-06-07 21:02:50', '2020-07-09 21:02:50'),
(298, 76, 1, 4, 6000000, '2020-06-07 21:02:50', '2020-07-09 21:02:50'),
(299, 76, 8, 3, 8100000, '2020-06-07 21:02:50', '2020-07-09 21:02:50'),
(300, 77, 1, 3, 4500000, '2020-06-29 21:02:50', '2020-07-09 21:02:50'),
(301, 77, 6, 2, 2600000, '2020-06-29 21:02:50', '2020-07-09 21:02:50'),
(302, 77, 10, 5, 13000000, '2020-06-29 21:02:50', '2020-07-09 21:02:50'),
(303, 77, 7, 1, 3000000, '2020-06-29 21:02:50', '2020-07-09 21:02:50'),
(304, 77, 2, 4, 8000000, '2020-06-29 21:02:50', '2020-07-09 21:02:50'),
(305, 78, 10, 3, 7800000, '2020-05-22 21:02:51', '2020-07-09 21:02:51'),
(306, 78, 10, 4, 10400000, '2020-05-22 21:02:51', '2020-07-09 21:02:51'),
(307, 78, 10, 4, 10400000, '2020-05-22 21:02:51', '2020-07-09 21:02:51'),
(308, 79, 10, 2, 5200000, '2020-06-18 21:02:51', '2020-07-09 21:02:51'),
(309, 80, 10, 4, 10400000, '2020-05-19 21:02:51', '2020-07-09 21:02:51'),
(310, 80, 2, 4, 8000000, '2020-05-19 21:02:51', '2020-07-09 21:02:51'),
(311, 81, 10, 4, 10400000, '2020-06-28 21:02:51', '2020-07-09 21:02:51'),
(312, 81, 3, 3, 7500000, '2020-06-28 21:02:51', '2020-07-09 21:02:51'),
(313, 81, 8, 2, 5400000, '2020-06-28 21:02:51', '2020-07-09 21:02:51'),
(314, 82, 7, 5, 15000000, '2020-06-05 21:02:51', '2020-07-09 21:02:51'),
(315, 82, 2, 2, 4000000, '2020-06-05 21:02:51', '2020-07-09 21:02:51'),
(316, 82, 3, 2, 5000000, '2020-06-05 21:02:51', '2020-07-09 21:02:51'),
(317, 82, 10, 3, 7800000, '2020-06-05 21:02:51', '2020-07-09 21:02:51'),
(318, 83, 10, 1, 2600000, '2020-06-11 21:02:51', '2020-07-09 21:02:51'),
(319, 83, 3, 1, 2500000, '2020-06-11 21:02:51', '2020-07-09 21:02:51'),
(320, 83, 5, 1, 2800000, '2020-06-11 21:02:51', '2020-07-09 21:02:51'),
(321, 83, 6, 4, 5200000, '2020-06-11 21:02:51', '2020-07-09 21:02:51'),
(322, 83, 5, 1, 2800000, '2020-06-11 21:02:51', '2020-07-09 21:02:51'),
(323, 84, 8, 5, 13500000, '2020-05-22 21:02:51', '2020-07-09 21:02:51'),
(324, 84, 9, 4, 11600000, '2020-05-22 21:02:51', '2020-07-09 21:02:51'),
(325, 85, 1, 3, 4500000, '2020-06-10 21:02:51', '2020-07-09 21:02:51'),
(326, 85, 9, 2, 5800000, '2020-06-10 21:02:51', '2020-07-09 21:02:51'),
(327, 85, 10, 5, 13000000, '2020-06-10 21:02:51', '2020-07-09 21:02:51'),
(328, 86, 4, 1, 2300000, '2020-07-07 21:02:51', '2020-07-09 21:02:51'),
(329, 87, 3, 3, 7500000, '2020-06-21 21:02:51', '2020-07-09 21:02:51'),
(330, 87, 5, 5, 14000000, '2020-06-21 21:02:51', '2020-07-09 21:02:51'),
(331, 88, 5, 1, 2800000, '2020-06-17 21:02:51', '2020-07-09 21:02:51'),
(332, 89, 9, 4, 11600000, '2020-07-03 21:02:51', '2020-07-09 21:02:51'),
(333, 89, 2, 1, 2000000, '2020-07-03 21:02:51', '2020-07-09 21:02:51'),
(334, 89, 9, 5, 14500000, '2020-07-03 21:02:51', '2020-07-09 21:02:51'),
(335, 89, 7, 2, 6000000, '2020-07-03 21:02:51', '2020-07-09 21:02:51'),
(336, 90, 6, 2, 2600000, '2020-05-25 21:02:51', '2020-07-09 21:02:51'),
(337, 90, 4, 3, 6900000, '2020-05-25 21:02:51', '2020-07-09 21:02:51'),
(338, 90, 2, 2, 4000000, '2020-05-25 21:02:51', '2020-07-09 21:02:51'),
(339, 90, 2, 1, 2000000, '2020-05-25 21:02:51', '2020-07-09 21:02:51'),
(340, 91, 9, 5, 14500000, '2020-05-20 21:02:51', '2020-07-09 21:02:51'),
(341, 91, 4, 3, 6900000, '2020-05-20 21:02:51', '2020-07-09 21:02:51'),
(342, 92, 9, 2, 5800000, '2020-06-16 21:02:51', '2020-07-09 21:02:51'),
(343, 92, 4, 3, 6900000, '2020-06-16 21:02:51', '2020-07-09 21:02:51'),
(344, 92, 10, 4, 10400000, '2020-06-16 21:02:51', '2020-07-09 21:02:51'),
(345, 92, 1, 4, 6000000, '2020-06-16 21:02:51', '2020-07-09 21:02:51'),
(346, 92, 5, 3, 8400000, '2020-06-16 21:02:51', '2020-07-09 21:02:51'),
(347, 93, 8, 4, 10800000, '2020-07-05 21:02:51', '2020-07-09 21:02:51'),
(348, 93, 9, 4, 11600000, '2020-07-05 21:02:51', '2020-07-09 21:02:51'),
(349, 94, 4, 4, 9200000, '2020-05-23 21:02:51', '2020-07-09 21:02:51'),
(350, 94, 5, 3, 8400000, '2020-05-23 21:02:51', '2020-07-09 21:02:51'),
(351, 94, 7, 1, 3000000, '2020-05-23 21:02:51', '2020-07-09 21:02:51'),
(352, 94, 1, 1, 1500000, '2020-05-23 21:02:51', '2020-07-09 21:02:51'),
(353, 94, 10, 2, 5200000, '2020-05-23 21:02:51', '2020-07-09 21:02:51'),
(354, 94, 1, 1, 1500000, '2020-05-23 21:02:51', '2020-07-09 21:02:51'),
(355, 95, 4, 2, 4600000, '2020-05-13 21:02:51', '2020-07-09 21:02:51'),
(356, 95, 4, 2, 4600000, '2020-05-13 21:02:51', '2020-07-09 21:02:51'),
(357, 95, 10, 4, 10400000, '2020-05-13 21:02:51', '2020-07-09 21:02:51'),
(358, 95, 10, 2, 5200000, '2020-05-13 21:02:51', '2020-07-09 21:02:51'),
(359, 95, 7, 2, 6000000, '2020-05-13 21:02:51', '2020-07-09 21:02:51'),
(360, 96, 3, 1, 2500000, '2020-06-26 21:02:51', '2020-07-09 21:02:51'),
(361, 96, 8, 1, 2700000, '2020-06-26 21:02:51', '2020-07-09 21:02:51'),
(362, 96, 8, 2, 5400000, '2020-06-26 21:02:51', '2020-07-09 21:02:51'),
(363, 96, 6, 4, 5200000, '2020-06-26 21:02:51', '2020-07-09 21:02:51'),
(364, 96, 8, 4, 10800000, '2020-06-26 21:02:51', '2020-07-09 21:02:51'),
(365, 97, 3, 1, 2500000, '2020-06-10 21:02:51', '2020-07-09 21:02:51'),
(366, 97, 10, 1, 2600000, '2020-06-10 21:02:51', '2020-07-09 21:02:51'),
(367, 98, 6, 4, 5200000, '2020-06-05 21:02:51', '2020-07-09 21:02:51'),
(368, 98, 1, 4, 6000000, '2020-06-05 21:02:51', '2020-07-09 21:02:51'),
(369, 99, 3, 5, 12500000, '2020-06-18 21:02:51', '2020-07-09 21:02:51'),
(370, 99, 4, 2, 4600000, '2020-06-18 21:02:51', '2020-07-09 21:02:51'),
(371, 100, 7, 1, 3000000, '2020-06-15 21:02:51', '2020-07-09 21:02:51'),
(372, 100, 2, 1, 2000000, '2020-06-15 21:02:51', '2020-07-09 21:02:51'),
(373, 100, 10, 5, 13000000, '2020-06-15 21:02:51', '2020-07-09 21:02:51');

-- --------------------------------------------------------

--
-- Table structure for table `users`
--

CREATE TABLE `users` (
  `id` bigint(20) UNSIGNED NOT NULL,
  `name` varchar(255) COLLATE utf8mb4_unicode_ci NOT NULL,
  `email` varchar(255) COLLATE utf8mb4_unicode_ci NOT NULL,
  `email_verified_at` timestamp NULL DEFAULT NULL,
  `password` varchar(255) COLLATE utf8mb4_unicode_ci NOT NULL,
  `phone_number` varchar(255) COLLATE utf8mb4_unicode_ci DEFAULT NULL,
  `address` text COLLATE utf8mb4_unicode_ci,
  `avatar` varchar(255) COLLATE utf8mb4_unicode_ci DEFAULT NULL,
  `remember_token` varchar(100) COLLATE utf8mb4_unicode_ci DEFAULT NULL,
  `created_at` timestamp NULL DEFAULT NULL,
  `updated_at` timestamp NULL DEFAULT NULL
) ENGINE=InnoDB DEFAULT CHARSET=utf8mb4 COLLATE=utf8mb4_unicode_ci;

--
-- Dumping data for table `users`
--

INSERT INTO `users` (`id`, `name`, `email`, `email_verified_at`, `password`, `phone_number`, `address`, `avatar`, `remember_token`, `created_at`, `updated_at`) VALUES
(1, 'Admin', 'admin@admin.com', NULL, '$2y$10$Ee1WtH/gV4cTdz8A5pjjaeZJ/LKbfrA3s6JIEwWH1FSKMmJrPins2', NULL, NULL, NULL, NULL, '2020-07-09 21:02:49', '2020-07-09 21:02:49');

--
-- Indexes for dumped tables
--

--
-- Indexes for table `expenses`
--
ALTER TABLE `expenses`
  ADD PRIMARY KEY (`id`),
  ADD KEY `expenses_product_id_foreign` (`product_id`);

--
-- Indexes for table `failed_jobs`
--
ALTER TABLE `failed_jobs`
  ADD PRIMARY KEY (`id`);

--
-- Indexes for table `migrations`
--
ALTER TABLE `migrations`
  ADD PRIMARY KEY (`id`);

--
-- Indexes for table `password_resets`
--
ALTER TABLE `password_resets`
  ADD KEY `password_resets_email_index` (`email`);

--
-- Indexes for table `products`
--
ALTER TABLE `products`
  ADD PRIMARY KEY (`id`),
  ADD KEY `category_id_product_categories_id` (`category_id`);

--
-- Indexes for table `product_categories`
--
ALTER TABLE `product_categories`
  ADD PRIMARY KEY (`id`);

--
-- Indexes for table `shops`
--
ALTER TABLE `shops`
  ADD PRIMARY KEY (`id`);

--
-- Indexes for table `transactions`
--
ALTER TABLE `transactions`
  ADD PRIMARY KEY (`id`),
  ADD UNIQUE KEY `transactions_code_unique` (`code`);

--
-- Indexes for table `transaction_items`
--
ALTER TABLE `transaction_items`
  ADD PRIMARY KEY (`id`),
  ADD KEY `transaction_items_transaction_id_foreign` (`transaction_id`),
  ADD KEY `transaction_items_product_id_foreign` (`product_id`);

--
-- Indexes for table `users`
--
ALTER TABLE `users`
  ADD PRIMARY KEY (`id`),
  ADD UNIQUE KEY `users_email_unique` (`email`);

--
-- AUTO_INCREMENT for dumped tables
--

--
-- AUTO_INCREMENT for table `expenses`
--
ALTER TABLE `expenses`
  MODIFY `id` bigint(20) UNSIGNED NOT NULL AUTO_INCREMENT, AUTO_INCREMENT=11;

--
-- AUTO_INCREMENT for table `failed_jobs`
--
ALTER TABLE `failed_jobs`
  MODIFY `id` bigint(20) UNSIGNED NOT NULL AUTO_INCREMENT;

--
-- AUTO_INCREMENT for table `migrations`
--
ALTER TABLE `migrations`
  MODIFY `id` int(10) UNSIGNED NOT NULL AUTO_INCREMENT, AUTO_INCREMENT=10;

--
-- AUTO_INCREMENT for table `products`
--
ALTER TABLE `products`
  MODIFY `id` bigint(20) UNSIGNED NOT NULL AUTO_INCREMENT, AUTO_INCREMENT=11;

--
-- AUTO_INCREMENT for table `product_categories`
--
ALTER TABLE `product_categories`
  MODIFY `id` bigint(20) UNSIGNED NOT NULL AUTO_INCREMENT, AUTO_INCREMENT=6;

--
-- AUTO_INCREMENT for table `shops`
--
ALTER TABLE `shops`
  MODIFY `id` bigint(20) UNSIGNED NOT NULL AUTO_INCREMENT;

--
-- AUTO_INCREMENT for table `transactions`
--
ALTER TABLE `transactions`
  MODIFY `id` bigint(20) UNSIGNED NOT NULL AUTO_INCREMENT, AUTO_INCREMENT=101;

--
-- AUTO_INCREMENT for table `transaction_items`
--
ALTER TABLE `transaction_items`
  MODIFY `id` bigint(20) UNSIGNED NOT NULL AUTO_INCREMENT, AUTO_INCREMENT=374;

--
-- AUTO_INCREMENT for table `users`
--
ALTER TABLE `users`
  MODIFY `id` bigint(20) UNSIGNED NOT NULL AUTO_INCREMENT, AUTO_INCREMENT=2;

--
-- Constraints for dumped tables
--

--
-- Constraints for table `expenses`
--
ALTER TABLE `expenses`
  ADD CONSTRAINT `expenses_product_id_foreign` FOREIGN KEY (`product_id`) REFERENCES `products` (`id`) ON DELETE CASCADE;

--
-- Constraints for table `products`
--
ALTER TABLE `products`
  ADD CONSTRAINT `category_id_product_categories_id` FOREIGN KEY (`category_id`) REFERENCES `product_categories` (`id`) ON DELETE SET NULL;

--
-- Constraints for table `transaction_items`
--
ALTER TABLE `transaction_items`
  ADD CONSTRAINT `transaction_items_product_id_foreign` FOREIGN KEY (`product_id`) REFERENCES `products` (`id`) ON DELETE CASCADE,
  ADD CONSTRAINT `transaction_items_transaction_id_foreign` FOREIGN KEY (`transaction_id`) REFERENCES `transactions` (`id`) ON DELETE CASCADE;
COMMIT;

/*!40101 SET CHARACTER_SET_CLIENT=@OLD_CHARACTER_SET_CLIENT */;
/*!40101 SET CHARACTER_SET_RESULTS=@OLD_CHARACTER_SET_RESULTS */;
/*!40101 SET COLLATION_CONNECTION=@OLD_COLLATION_CONNECTION */;
